場所,説明,緯度,経度
善根寺町1丁目3番,個人宅 西側モータープール 北側 杭,34.700096,135.649628
善根寺町3丁目3番,善根寺児童遊園 南側 網,34.698704,135.64241
善根寺町4丁目8番3号,元丸二倉庫 南側 水路 柵,34.701267,135.640976
善根寺町5丁目3番,象印マホービン(株) 西側 柵,34.701569,135.645248
善根寺町5丁目4番,象印マホービン(株) 南側 網,34.701561,135.646439
善根寺町5丁目6番,善根寺会館北側水路柵 北側 柵,34.699883,135.646454
善根寺町6丁目1番32号,個人宅 南側 ブロック,34.700111,135.648407
布市町1丁目7番32号,個人宅 南側 ブロック,34.693993,135.640518
布市町1丁目9番1号,個人宅 南側 杭,34.694321,135.641891
布市町2丁目1番40号,株式会社リサイクル 東側 塀,34.690704,135.639389
布市町2丁目5番37号,布市自治会館 東側 網,34.693283,135.639481
布市町3丁目5番34号,個人宅 北側 ブロック,34.693481,135.635666
元町2丁目5番18号,元町自治会館 南側 南側 網,43.858906,144.460236
布市町4丁目1番,フクビ化学工業南側網(市管理地) 南側 網,34.695904,135.640244
日下町4丁目1番,日下第3公園 北側 柵,34.69083,135.643082
日下町6丁目3番6号,孔舎衛小学校 南側 柵,34.695797,135.644485
日下町5丁目4番,ナカトミサニーハイツ北側畑 南側 網,34.695606,135.642166
日下町6丁目3番6号,孔舎衛小学校 北側 柵,34.695797,135.644485
池之端町11番,日新高等学校 東側 網,34.695465,135.652985
日下町6丁目3番6号,孔舎衛小学校 西側 ブロック,34.695797,135.644485
日下町6丁目9番23号,個人宅 東側 柵,34.694599,135.647781
池之端町5番21号,日下自治会館北分室 北側 柵,34.696934,135.648621
日下町2丁目3番38号,日下自治会館の設置場所,34.691757,135.647629
日下町3丁目5番,石切変電所の設置場所,34.691765,135.644699
日下町7丁目2番,孔舎衙東小学校の設置場所,34.69487,135.648163
日下町7丁目6番46号,個人宅の設置場所,34.693256,135.649628
日下町3丁目7番,日下川歩道柵の設置場所,34.692257,135.645905
日下町7丁目8番,日新高等学校の設置場所,34.694298,135.651138
日下町8丁目1番16号,個人宅 西側畑の設置場所,34.692543,135.653625
北石切町17番,芝ヶ丘児童遊園の設置場所,34.689152,135.650421
北石切町21番,個人宅 東側駐車場の設置場所,34.690525,135.650848
中石切町4丁目10番3号,石切中学校の設置場所,34.688354,135.645538
北石切町1番7号,石切公民分館の設置場所,34.686485,135.648605
中石切町4丁目10番3号,石切中学校の設置場所（重複）,34.688354,135.645538
中石切町5丁目1番55号,個人宅の設置場所,34.688175,135.641983
中石切町5丁目4番,中石切公園の設置場所,34.6884,135.638596
中石切町1丁目1番,石切公園の設置場所,34.684017,135.646927
中石切町1丁目5番,ひかり公園の設置場所,34.684502,135.64447
中石切町1丁目6番50号,石切小学校の設置場所,34.684074,135.644669
中石切町2丁目2番25号,石切幼稚園の設置場所,34.684467,135.647537
中石切町3丁目8番,芝水防倉庫の設置場所,34.686951,135.640213
中石切町3丁目4番4号,個人宅の設置場所,34.685028,135.642822
中石切町1丁目6番50号,石切小学校の設置場所（重複）,34.684074,135.644669
東石切町2丁目4番,第107投票区の東石切公園に設置されている投票場所（東側）,34.681038,135.650925
東石切町2丁目9番24号,第107投票区の個人宅に設置されている投票場所（北側）,34.682915,135.648895
東石切町3丁目1番5号,第107投票区の個人宅に設置されている投票場所（東側）,34.683216,135.6539
東石切町4丁目6番,第107投票区の今池グラウンドに設置されている投票場所（北側）,34.684433,135.651031
東石切町4丁目13番31号,第107投票区のふれあいルームに設置されている投票場所（東側）,34.686478,135.653122
東石切町6丁目6番,第107投票区の桂川児童遊園に設置されている投票場所（東側）,34.687786,135.650848
日下町1丁目6番,第107投票区の水道局日下中区配水池に設置されている投票場所（南側）,34.68861,135.655151
上石切町2丁目8番,第108投票区の石切東小学校に設置されている投票場所（東側）,34.685719,135.657211
上石切町1丁目1209番地,第108投票区の上石切モータープールに設置されている投票場所（西側）,34.681587,135.654633
上石切町1丁目6-48,第108投票区の東石切会館別館西側前に設置されている投票場所（東側）,34.682438,135.653793
上石切町2丁目1番,第108投票区の朝日プラザ生駒西C棟西側前に設置されている投票場所（東側）,34.685078,135.655136
上石切町2丁目9番,第108投票区の朝日プラザ生駒西D棟西側前に設置されている投票場所（東側）,34.685059,135.656204
上石切町2丁目8番,第108投票区の石切東小学校に設置されている投票場所（北側）,34.685719,135.657211
上石切町2丁目1番,第108投票区の石切駅E自転車駐車場に設置されている投票場所（西側）,34.685078,135.655136
西石切町1丁目3番,第109投票区の額田グランドに設置されている投票場所（南側）,34.679192,135.64505
西石切町1丁目7番,第109投票区の老人憩いの広場に設置されている投票場所（西側）,34.682205,135.644028
西石切町1丁目7番,第109投票区の西石切第一公園に設置されている投票場所（南側）,34.682205,135.644028
西石切町3丁目8番19号,第109投票区の個人宅に設置されている投票場所（西側）,34.681763,135.639038
西石切町3丁目8番39号,第109投票区の西石切会館に設置されている投票場所（東側）,34.682369,135.639984
西石切町3丁目9番,第109投票区の新石切駅第2自転車駐車場に設置されている投票場所（東側）,34.680164,135.639496
西石切町7丁目1番,第109投票区の辰野枚岡第二ビル付帯駐車場に設置されている投票場所（南側）,34.682232,135.635605
新町19番,二藤レール（株）第四工場 南側,43.132698,143.596024
新町19番,二藤レール（株）第四工場 東側,43.132698,143.596024
宝町1番,宝町南公園 北側,42.994122,144.369476
南荘町2番26号,枚岡西小学校 西側,34.674004,135.641602
南荘町2番26号,枚岡西小学校 南側,34.674004,135.641602
東山町1番,木ノ本伸線（株） 南側,43.195606,141.783661
南荘町14番2号,東消防署額田出張所 北側,34.676258,135.644287
南荘町14番20号,額田会館 東側,34.67606,135.645828
山手町4番,額田駅前自転車駐車場 西側,38.285488,140.851929
山手町6番,額田山荘児童遊園 東側,38.286285,140.853439
額田町5番,若宮公園 南側,34.679165,135.649918
東豊浦町4番2号,メゾン寿 西側前 東側フェンス 東側,34.672028,135.65004
立花町12番28号,枚岡東小学校 北側,34.673546,135.649963
立花町12番28号,枚岡東小学校プール 北側,34.673546,135.649963
豊浦町5番,枚岡中央公園 北側,35.410233,139.675964
豊浦町9番,楠丸池公園 東側,34.671154,135.647873
出雲井町2番,枚岡駅前交番（神社境内） 東側,34.669544,135.648453
出雲井町6番,シャルマンコーポ枚岡公園H棟西側空地 東側,34.668148,135.648743
箱殿町8番25号,枚岡中学校 東側,34.671402,135.641907
箱殿町8番10号,枚岡幼稚園 南側,34.670506,135.643295
箱殿町8番25号,枚岡中学校 西側,34.671402,135.641907
箱殿町8番25号,枚岡中学校 南側,34.671402,135.641907
鳥居町9番8号,法定外水路（豊浦川）沿い柵 北側,38.731518,139.840103
鷹殿町18番1号,枚岡樟風高校 北側,34.667854,135.637299
河内町1番1号,第113投票区の投票所 縄手北中学校南側,34.666611,135.643906
河内町1番1号,第113投票区の投票所 縄手北中学校北側,34.666611,135.643906
河内町2番6号,第113投票区の投票所 縄手東小学校西側,34.666542,135.644943
五条町9番45号,第113投票区の投票所 五条老人センター南側,34.667385,135.6483
五条町3番5号,第113投票区の投票所 個人宅北側,34.665081,135.647537
五条町6番17号,第113投票区の投票所 五条会館西側,34.666183,135.647934
客坊町5番5号,第113投票区の投票所 個人宅東側,34.66275,135.646347
鷹殿町1番2号,第114投票区の投票所 市立東体育館東側,34.667862,135.64003
鷹殿町18番1号,第114投票区の投票所 牧岡樟風高校西側,34.667854,135.637299
鷹殿町20番,第114投票区の投票所 恵生会病院西側駐車場西側,34.669464,135.634842
喜里川町4番20号,第114投票区の投票所 個人宅西側,34.66571,135.641006
喜里川町10番2号,第114投票区の投票所 個人宅北側,34.66679,135.641983
喜里川町11番1号,第114投票区の投票所 縄手北中学校南水路南側,34.665249,135.643387
鷹殿町25番,第114投票区の投票所 鷹殿町交差点西の里道南側,34.668377,135.63353
旭町2番4号,第115投票区の投票所 縄手北小学校北側,42.984703,144.39032
旭町2番4号,第115投票区の投票所 縄手北小学校南側,42.984703,144.39032
旭町21番3号,第115投票区の投票所 瓢箪山マンション東側,42.986076,144.392166
旭町21番3号,第115投票区の投票所 瓢箪山マンション南側,42.986076,144.392166
昭和町9,第115投票区の投票所 旭町児童遊園北側,41.285183,141.203308
昭和町21番8号,第115投票区の投票所 泉屋第2駐車場西側,41.282681,141.20549
桜町9-5,第115投票区の投票所 白鳩チルドレンセンター東大阪東側,38.351425,140.384995
新池島町3丁目11番8号,関西電力㈱ 中河内変電所 南側,34.655556,135.626755
新池島町4丁目4,新池島ポンプ場 西側,34.661594,135.626572
新池島町1丁目1番,長門川堤防 北より 西側,34.660805,135.632111
新池島町4丁目3番,新池島北児童遊園 北側,34.661629,135.627136
新池島町1丁目,長門川堤防 南より 西側,34.658169,135.631516
新池島町2丁目11番,新池島児童遊園 東側,34.658428,135.629913
新池島町4丁目,新池島北児童遊園 南側,34.661579,135.629349
若草町7番22号,個人宅 北側,42.998055,144.370743
昭和町4番,瓢箪山駅南駅前広場 植込み 北側,41.812691,140.72908
神田町2番,瓢箪山駅前第1自転車駐車場 南側,36.37767,139.743683
神田町10番,神田広場 西側,36.377743,139.745026
神田町10番14号,東大阪市シルバー人材センター 北側,36.378452,139.744492
神田町10番,神田広場 南側,36.377743,139.745026
御幸町3－34,介護老人保健施設 五十忠 南側,35.331001,137.129089
御幸町5番,大八モータープール 北側,42.106522,140.577759
四条町12番36号,フクダ精工㈱ 西側,34.659016,135.642609
瓢箪山町3番16号,喫茶メイプル駐車場 東側,34.660828,135.640686
四条町12番,四条町第一公園 西側,34.658588,135.64325
瓢箪山町5番19号,（有）小野製作所 南側,34.660759,135.6418
四条町12番8号,（株）ロブテックス本社 東側,34.659309,135.643707
四条町19番,柄池公園 西側,34.659328,135.645294
四条町19番,柄池公園 北側,34.659328,135.645294
南四条町1番1号,東部地域仮設庁舎の北側の堀に設置された投票所（第119投票区）,34.658482,135.639999
南四条町3番26号,縄手中学校の東側の堀に設置された投票所（第119投票区）,34.655602,135.640427
南四条町1番1号,東部地域仮設庁舎の南側の柵に設置された投票所（第119投票区）,34.658482,135.639999
南四条町3番2号,縄手小学校の北側の網に設置された投票所（第119投票区）,34.657207,135.64003
南四条町3番2号,縄手小学校の西側の網に設置された投票所（第119投票区）,34.657207,135.64003
南四条町3番26号,縄手中学校の南側の網に設置された投票所（第119投票区）,34.655602,135.640427
南四条町10番18号,個人宅の西側のブロックに設置された投票所（第119投票区）,34.656391,135.642838
上四条町18－12,市立郷土博物館 駐車場の西側の堀に設置された投票所（第120投票区）,34.66074,135.650986
上四条町10番26号,個人宅の南側のブロックに設置された投票所（第120投票区）,34.656322,135.647446
上四条町10番,大池公園の北側の柵に設置された投票所（第120投票区）,34.656898,135.646973
上四条町10番,大池公園の南側の柵に設置された投票所（第120投票区）,34.656898,135.646973
上四条町14番25号,上四条小学校の南側の杭に設置された投票所（第120投票区）,34.658062,135.648102
上四条町14番25号,上四条小学校の南側の網に設置された投票所（第120投票区）,34.658062,135.648102
上四条町14番25号,上四条小学校体育館の東側の網に設置された投票所（第120投票区）,34.658062,135.648102
池島町2丁目6番3号,慈眼寺の東側のブロックに設置された投票所（第121投票区）,34.652027,135.632904
池島町2丁目6番3号,慈眼寺の西側のブロックに設置された投票所（第121投票区）,34.652027,135.632904
池島町3丁目5番,池島学園（前期）の西側の柵に設置された投票所（第121投票区）,34.653297,135.63092
池島町3丁目6番30号,池島学園（前期）の南側の柵に設置された投票所（第121投票区）,34.653893,135.631592
池島町3丁目6番30号,池島学園（前期）の北側の網に設置された投票所（第121投票区）,34.653893,135.631592
池島町8丁目7番,池島学園（後期）南側の南側の柵に設置された投票所（第121投票区）,34.652779,135.62854
池島町8丁目7番,池島学園（後期）北側の北側の柵に設置された投票所（第121投票区）,34.652779,135.62854
下六万寺町3丁目3番,第122投票区、下六万寺墓地の西側に位置する住所,34.654507,135.6371
六万寺町2丁目3番17号,第122投票区・第123投票区のくすは縄手南校（前期）がある住所,34.651436,135.641525
下六万寺町3丁目,第122投票区、長門川北側（六万寺中交差点付近）に位置する住所,34.65472,135.636047
下六万寺町1丁目3番,第122投票区、六万寺公園の南側に位置する住所,34.650879,135.638123
下六万寺町1丁目10番40号,第122投票区、シティパーク顕筆山の北側にある住所,34.652168,135.635468
下六万寺町2丁目4番,第122投票区、長門川南側（下六万寺墓地東南付近）に位置する住所,34.653599,135.636871
六万寺町3丁目4番,第123投票区、縄手中学校プールおよびグランドの住所,34.655315,135.642029
六万寺町1丁目5番37号,第123投票区、永塚工業(株)の南側および西側に位置する住所,34.651115,135.64418
六万寺町1丁目13,第123投票区、桜井児童遊園の南側に位置する住所,34.652138,135.646713
六万寺町2丁目3番18号,第123投票区、縄手南こども園の北側に位置する住所,34.65147,135.641617
六万寺町3丁目6番14号,第123投票区、枚岡カトリック幼稚園の東側に位置する住所,34.654846,135.643082
横小路町4丁目4,第124投票区、くすは縄手南校（後期）第3グランド、丸昌化学工業(株)駐車場がある南側および西側の住所,34.648663,135.638596
横小路町3丁目4番,第124投票区、個人宅東側の空地がある住所,34.648796,135.641708
横小路町3丁目12番,第124投票区、くすは縄手南校（後期）の北側に位置する住所,34.64473,135.64119
横小路町2丁目4番,第124投票区、個人宅南側の駐車場がある住所,34.648403,135.643677
横小路町4丁目9番29号,第124投票区、和田金属工業(株)の南側に位置する住所,34.646191,135.639557
横小路町4丁目3番30号,第124投票区、日高鉄工(株)の南側に位置する住所,34.648018,135.640167
鴻池徳庵町4番,木村商事(株)南側五箇水路 北側 柵,34.697212,135.58551
鴻池徳庵町2番,東大阪市徳庵第二公園 南側 柵,34.698116,135.588013
鴻池徳庵町6番,個人ガレージ 北側 ブロック,34.697739,135.585052
鴻池徳庵町7番,個人宅 東側畑 南側 網,34.697632,135.584
鴻池徳庵町8番,ユタカモータープール南側五箇水路 北側 網,34.697052,135.583832
西鴻池町1丁目1番,鴻池新田駅北側タクシー乗場前緑地 東側 杭,34.698811,135.597397
西鴻池町1丁目1番,鴻池新田駅 西側駐輪場 南側 網,34.698811,135.597397
西鴻池町1丁目2番25号,鴻池生活科学専門学校 北側 柵,34.699528,135.597473
西鴻池町2丁目5番33号,城東工科高等学校 東側 塀,34.697968,135.593658
西鴻池町2丁目5番33号,城東工科高等学校 南側 塀,34.697968,135.593658
鴻池本町6番地,鴻池本町公園 東側 柵,34.698643,135.599335
鴻池元町2番1号,鴻池グラナリーコート 西側 杭,34.698605,135.598953
中鴻池町2丁目7番33号,西部(株) 西側 網,34.695801,135.596512
中鴻池町3丁目9番,中鴻池住宅9号棟東側歩道柵 西側 柵,34.696159,135.602493
中鴻池町3丁目10番,寺嶋公園 西側 杭,34.696461,135.601639
南鴻池町1丁目3番18号,成和小学校 東側 柵,34.694496,135.600922
南鴻池町1丁目3番18号,成和小学校 西側 塀,34.694496,135.600922
南鴻池町1丁目8番,西楠風荘公園 南側 柵,34.694004,135.598526
南鴻池町2丁目12番地,東楠風荘公園 南側 杭,34.694206,135.603241
東鴻池町4丁目6番,鴻池児童遊園 西側 柵,34.693981,135.606079
東鴻池町1丁目10番8号,東鴻池住宅 4号棟の西側にある投票場,34.697018,135.612961
東鴻池町5丁目7番20号,鴻池東小学校 正門の東側にある投票場,34.695869,135.611176
鴻池町1丁目3番,東大阪鴻池住宅 12号棟 北側駐車場の北側にある投票場,34.700508,135.605057
鴻池町1丁目16番,東大阪鴻池住宅 1号棟 南側駐車場の南側にある投票場,34.698883,135.604553
鴻池町1丁目18番,東大阪鴻池住宅 鴻北公園の北側にある投票場,34.699368,135.605316
鴻池町1丁目19番,鴻北児童遊園の南側にある投票場,34.70034,135.605576
鴻池町1丁目27番,白鴻園児童遊園の北側にある投票場,34.697987,135.606995
鴻池町2丁目6番37号,（株）三共製作所 東側駐車場の東側にある投票場,34.696529,135.606339
加納5丁目8番,加納北公園の東側にある投票場,34.699131,135.630447
加納7丁目22番,アメリカ駐車場東側の東側にある投票場,34.7006,135.62471
加納7丁目26番,加納北第3公園の南側にある投票場,34.70092,135.624756
加納7丁目20番,加納公園の東側にある投票場,34.698711,135.625427
加納7丁目25番 8号,アメリカ管理棟の西側にある投票場,34.701088,135.622711
加納7丁目26番,加納北第2公園の南側にある投票場,34.70092,135.624756
加納8丁目26番,個人宅 前遊歩道の西側にある投票場,34.700054,135.61998
加納1丁目1番8号,西濃運輸株式会社前の西側にある投票場,34.693512,135.618256
川田2丁目22番4号,加納西第2公園の北側にある投票場,34.691975,135.62027
加納3丁目6番8号,加納小学校の南側にある投票場,34.695179,135.624496
加納2丁目24番24号,加納水利組合事務所の南側にある投票場,34.694805,135.623032
加納3丁目6番8号,加納小学校の西側にある投票場,34.695179,135.624496
加納7丁目3番,大東線No.13号 鉄塔の北側にある投票場,34.697208,135.621994
加納3丁目6番8号,加納小学校の北側にある投票場,34.695179,135.624496
三島3丁目11番,三島西公園、東側、杭設置場所（第207投票区）,34.778908,135.553345
三島1丁目28番,三島東公園、東側、杭設置場所（第207投票区）,35.786572,139.415543
新庄2丁目7番12号,個人宅、西側、ブロック設置場所（第207投票区）,34.691574,135.600952
新庄南1番33号,盾津中学校、東側、柵設置場所（第207投票区）,34.68729,135.604736
新庄2丁目18番6号,個人宅、南側、ブロック設置場所（第207投票区）,34.691723,135.603241
新庄2丁目3番3号,個人宅、南側、ブロック設置場所（第207投票区）,34.689327,135.601944
新庄南5番,新庄南（本庄東）公園、北側、杭設置場所（第207投票区）,34.687576,135.603592
新庄南1番33号,盾津中学校、北側、柵設置場所（第207投票区）,34.68729,135.604736
本庄1丁目8番2号,弥栄小学校、北側、ブロック設置場所（第208投票区）,36.227287,137.970978
本庄1丁目8番2号,弥栄小学校、南側、柵設置場所（第208投票区）,36.227287,137.970978
角田1丁目13番,角田公園、北側、柵設置場所（第208投票区）,34.680595,135.617249
箕輪3丁目1番,箕輪公園、南側、杭設置場所（第208投票区）,34.68531,135.614014
角田2丁目3番8号,角田総合老人センター、東側、柵設置場所（第208投票区）,34.682423,135.613297
本庄1丁目8番2号,弥栄小学校、西側、柵設置場所（第208投票区）,36.227287,137.970978
中野1丁目18番4号,中野公民館、西側、網設置場所（第208投票区）,39.694202,141.170303
横枕8番6号,横枕公民館前 個人宅、南側、ブロック設置場所（第208投票区）,34.680271,135.607925
東鴻池町2丁目3番,東鴻池第2住宅、東側、杭設置場所（第209投票区）,34.692589,135.616714
川田2丁目1番,北宮小学校プール、西側、柵設置場所（第209投票区）,34.688461,135.619492
川田2丁目3番7号,北宮小学校、西側、網設置場所（第209投票区）,34.688675,135.619843
川田3丁目2番26号,盾津東中学校、北側、塀設置場所（第209投票区）,34.690166,135.624817
川田3丁目2番26号,盾津東中学校、西側、塀設置場所（第209投票区）,34.690166,135.624817
吉原2丁目2番,吉原公園、北側、杭設置場所（第209投票区）,38.230854,140.310638
中新開1丁目11番20号,諏訪神社、西側、柵設置場所（第209投票区）,34.682583,135.618866
今米1丁目4番,今米公園、東側、柵設置場所（第209投票区）,34.681622,135.625549
菱江2丁目2番,菱江南公園の北側,34.674694,135.611374
菱江3丁目6番,菱江中公園の北側,34.677052,135.615433
菱江5-2-34,東大阪市立障害児者支援センター レの西側,34.670681,135.608429
菱江3丁目6番,菱江中公園の南側,34.677052,135.615433
菱江1丁目13番25号,三菱ふそう自動車販売の南側,34.671425,135.614365
菱江1丁目28番,菱江東公園の北側,34.673428,135.615967
菱江2丁目2番,菱江南公園の西側,34.674694,135.611374
吉田本町1丁目6番10号,英田中学校の西側,34.672993,135.622025
島之内2丁目6番,島之内公園の西側,34.671463,135.509766
島之内2丁目11番1,東大阪島之内住宅 1号棟の東側,34.670975,135.508148
東大阪市吉田本町1-10-30,しまのうち保育園の南側,34.674812,135.621429
吉田本町1丁目6番10号,英田中学校の北側,34.672993,135.622025
吉田本町1丁目8番,吉田春日児童遊園の西側,34.673607,135.62149
吉田本町1丁目8番,吉田春日児童遊園の北側,34.673607,135.62149
島之内2丁目8番,東大阪島之内住宅 9号棟 西側の西側,34.67065,135.508667
松原1丁目1番27号,英田北小学校の北側,36.567223,139.873154
松原1丁目1番6号,英田公民分館北分室の南側,40.82201,140.759583
松原2丁目6番32号,フジ矢(株)前の南側,36.236652,139.542007
水走1丁目5番34号,個人宅の南側,34.67421,135.630157
水走1丁目6番6号,(株)カナモトの東側,34.675728,135.629456
水走2丁目15番45号,大津神社の西側,34.679085,135.627014
松原1丁目1番27号,英田北小学校の西側,36.567223,139.873154
水走1丁目17番,HondaCars大阪水走店 駐車場の西側,34.679504,135.630035
岩田町6丁目5番35号,個人宅、チャート第213投票区の西側ブロックに位置する場所,34.66671,135.602722
岩田町6丁目6番,岩田西公園、第213投票区の西側にある公園,34.667694,135.603333
西岩田1丁目1番1,岩田西小学校、第213投票区の北側に位置する小学校,34.666378,135.604767
西岩田1丁目11-314-4,西岩田自治会館、第213投票区の北側にある自治会館施設,34.755066,137.418579
西岩田4丁目4番31号,西岩田第一公園、第213投票区の東側に位置する公園,34.66666,135.599991
西岩田四丁目7,西岩田第二公園、第213投票区の西側にある公園,34.755722,137.420029
西岩田4丁目1番36号,ナミティ株式会社、第213投票区の北側の企業施設,34.67054,135.602448
西岩田4丁目4番38号,休日診療所、第213投票区の南側にある医療施設,34.666687,135.599243
稲葉1丁目1番9号,消防局北側フェンス、第214投票区の北側にある消防局のフェンス,37.875828,139.112686
稲葉1丁目1番9号,消防局西側フェンス、第214投票区の西側にある消防局のフェンス,37.875828,139.112686
菱屋東2丁目5番,菱屋東第1公園、第214投票区にある公園で東側、西側、北側に位置する,34.668728,135.609024
菱屋東2丁目7番,ロイヤルホスト駐車場、第214投票区の西側にある駐車場,34.670052,135.6091
菱屋東2丁目11番,八剱神社、第214投票区の北側にある神社,34.669621,135.607834
岩田4丁目8番,岩田公園、第215投票区の南側および北側にある公園,34.709663,136.505783
岩田町1丁目12番,岩田東公園、第215投票区の北側にある公園,34.664097,135.609695
岩田町4丁目4,若江岩田駅前ロータリー、第215投票区の北側にあるロータリー,34.663239,135.608444
岩田町5丁目7番36号,東大阪市消費生活センター、第215投票区の西側にある行政施設,34.666039,135.609543
岩田町5丁目12番,岩田西小学校 東側 畑、第215投票区の南側に位置する学校関連施設,34.66573,135.605179
岩田町5丁目16番50号,西野モータープール、第215投票区の東側にある駐車場,34.668591,135.607178
稲葉1丁目9番24号,設置場所は個人宅で東側ブロックにあります。,34.668137,135.615204
稲葉1丁目12番1号,設置場所は玉川小学校で西側と南側の綱にあります。,34.669113,135.612366
稲葉1丁目11番,設置場所は稲葉市民グラウンドの北側綱にあります。,34.66959,135.613586
稲葉3丁目1番32号,設置場所は個人宅の西側ブロックにあります。,37.871017,139.114822
稲葉1丁目2番12号,設置場所は稲葉第3公園の東側ブロックにあります。,37.874779,139.113449
菱屋東1丁目4番22号,設置場所は個人宅の南側ブロックにあります。,34.66531,135.614975
稲葉2丁目156番地,設置場所は個人宅の東側水路柵にあります。,37.873081,139.115021
稲葉3丁目,設置場所は花園駅前ロータリーの南側柵にあります。,37.872253,139.116135
吉田1丁目5番27号,設置場所は英田公民分館分室の南側綱にあります。,36.669434,138.216476
吉田2丁目5番,設置場所は吉田公園の西側杭にあります。,36.672733,138.215714
吉田2丁目6番22号,設置場所は春日神社 玉垣前の東側杭にあります。,36.672531,138.216141
吉田2丁目9番26号,設置場所は個人宅の東側ブロックにあります。,34.665085,135.622116
吉田2丁目10番,設置場所は天理教前モータープールの南側綱にあります。,36.670174,138.213882
吉田3丁目2番43号,設置場所は個人宅の南側ブロックにあります。,34.667118,135.620163
吉田5丁目15番16号,設置場所は英田南小学校の西側綱および北側綱にあります。,36.661842,138.2276
吉田4丁目4番29号,設置場所は日本鈑螺（株）の東側綱にあります。,36.663937,138.230209
吉田4丁目4番32号,設置場所は日本鈑螺（株）の南側ブロックにあります。,34.669228,135.62204
吉田6丁目1番,設置場所は東花園駅前広場および東花園駅前広場（ロータリー北側）の北側柵および西側柵にあります。,34.662731,135.625595
吉田6丁目2番,設置場所は新家第1公園の北側杭および南側杭にあります。,34.663769,135.625214
吉田7丁目4番,新家第2公園、南側,34.664249,135.628662
吉田7丁目8番,吉田東児童遊園、南側,34.667007,135.628632
吉田8丁目2番,吉田8丁目信号前 緑地、西側,34.664467,135.629562
吉田7丁目3番,メゾン光陽 斜め前 緑地、東側,34.663368,135.628647
吉田8丁目3番,新家第3公園、東側,34.664619,135.630356
吉田8丁目4番,旧吉田8丁目バス停前 緑地、東側,34.665344,135.630814
吉田8丁目7番,旧ヤマザキパン店前 緑地、北側,34.666733,135.630737
瓜生堂2丁目7番11号,岡本化学工業所、南側,34.659576,135.604721
岩田町3丁目2番,天理教西成大教会、西側,34.661995,135.608368
瓜生堂1丁目6番1号,玉美小学校、南側,34.661865,135.604523
瓜生堂1丁目6番1号,玉美小学校、西側,34.661865,135.604523
瓜生堂1丁目8番10号,個人宅、東側,34.661617,135.603149
瓜生堂1丁目13番,若江岩田パークマンション前 北側植、北側,34.661812,135.59935
瓜生堂1丁目11番,スーパーマルハチ北側 植え込み、北側,34.662132,135.599976
瓜生堂2丁目26番,瓜生堂公園、南側,34.660885,135.604858
花園本町1丁目3番29号,花園北小学校、東側,34.661003,135.618912
花園本町2丁目7番41号,花園小学校、西側,34.657784,135.618866
花園本町1丁目8番,花園駅前南墓地、東側,34.661564,135.616928
花園本町1丁目11番4号,個人宅、東側,34.661339,135.616348
花園本町1丁目3番29号,花園北小学校、南側,34.661003,135.618912
花園本町1丁目3番29号,花園北小学校、西側,34.661003,135.618912
花園西町1丁目18番6号,松葉幼稚園、東側,34.661339,135.615356
花園本町2丁目7番41号,花園小学校の北側に位置する住所です。,34.657784,135.618866
東大阪市玉串町東1丁目1,市場児童遊園の西側にある住所です。,34.656986,135.619949
花園本町2丁目5番,花園公園の東側にあります。,34.660118,135.619308
花園東町2丁目14番27号,個人宅で西側水路に面している住所です。,34.660992,135.622101
花園東町2丁目16番,花園東町公園の東側に位置します。,34.659882,135.622696
花園東町3丁目1番25号,府立花園高等学校の西側にある住所です。,34.659042,135.624451
花園東町3丁目1番25号,府立花園高等学校の東側にある住所です。西側と東側の両方向で施設があります。,34.659042,135.624451
玉串町東1丁目11番,東大阪玉串住宅1号棟の東側に位置します。,34.656307,135.620239
若江本町1丁目1番18号,ハイマート若江2号棟駐車場の西側にあります。,34.657867,135.608826
若江本町2丁目1番3号,忠霊塔の東側に所在の住所です。,34.659267,135.6064
若江本町2丁目7番,若江本町北公園の南側に位置しています。,34.658829,135.604675
若江本町3丁目5番29号,（株）極東製作所の西側にある住所です。,34.657349,135.606461
若江北町2丁目2番2号,個人宅で東側にあります。,34.658924,135.602921
若江北町3丁目1番7号,若江本町公園の南側に位置します。,34.656944,135.603012
若江本町2丁目7番,若江本町北公園の北側にあります。,34.658829,135.604675
若江北町3丁目3番16号,若江幼稚園の南側にある住所です。,34.654884,135.603836
若江東町2丁目3番,関西電力（株）花園変電所の北側に位置します。,34.65786,135.612579
若江東町2丁目3番,関西電力（株）花園変電所の西側にある住所です。,34.65786,135.612579
玉串町西1丁目4番52号,花園中学校の北側に位置します。,34.655651,135.614655
玉串町西1丁目4番52号,花園中学校の西側にある住所です。,34.655651,135.614655
花園西町2丁目7番9号,新花西自治会館の南側に所在します。,34.658688,135.615875
玉串町西1丁目4番,はなぞの生協診療所の西側にある住所です。,34.656055,135.615128
若江東町2丁目7番,ライオンズマンション若江東の南側に位置しています。,34.65567,135.611877
若江南町5丁目1番10号,若江中学校の東側に位置する投票場所,34.651569,135.601639
若江南町5丁目1番10号,若江中学校の南側に位置する投票場所,34.651569,135.601639
若江南町5丁目1番10号,若江中学校の北側に位置する投票場所,34.651569,135.601639
若江南町2丁目1番,若江公園の北側に位置する投票場所,34.654415,135.604996
若江南町5丁目1番10号,若江中学校の西側に位置する投票場所,34.651569,135.601639
若江南町2丁目9番54号,若江小学校の南側に位置する投票場所,34.654591,135.602814
若江南町2丁目9番54号,若江小学校の北側に位置する投票場所,34.654591,135.602814
花園本町2丁目7番41号,花園小学校の南側に位置する投票場所,34.657784,135.618866
玉串元町2丁目4番23号,個人宅の西側に位置する投票場所,34.652573,135.61824
玉串元町1丁目7番16号,個人宅の南側に位置する投票場所,34.653561,135.618469
玉串元町2丁目6番,個人宅前の畑の南側に位置する投票場所,34.651878,135.618866
玉串町西2丁目4番12号,玉串小学校の南側に位置する投票場所,34.653271,135.615128
玉串町西2丁目4番12号,玉串小学校の東側に位置する投票場所,34.653271,135.615128
玉串町西2丁目4番12号,玉串小学校の南側に位置する投票場所,34.653271,135.615128
玉串町西3丁目1番,玉串西団地3号棟南側道路の北側に位置する投票場所,34.652424,135.613876
徳庵本町7番,橋本第一公園の南側に設置されているポスター掲示場所,34.695152,135.582855
稲田上町1丁目1番,JR徳庵駅西側の北寄りに設置されているポスター掲示場所,34.69239,135.581421
稲田上町2丁目2番,近畿車輛株式会社の南側に設置されているポスター掲示場所,34.693932,135.584702
稲田上町1丁目3番,JR徳庵駅前広場 植え込みの東側に設置されているポスター掲示場所,34.691772,135.581406
稲田上町2丁目6番,近畿車輛株式会社の西側に設置されているポスター掲示場所,34.693127,135.587921
稲田上町2丁目6番,近畿車輛株式会社南側の西寄りに設置されているポスター掲示場所,34.693127,135.587921
稲田上町2丁目6番,近畿車輛株式会社南側の東寄りに設置されているポスター掲示場所,34.693127,135.587921
稲田新町1丁目3番,東大阪稲田住宅ゲートボール場の東側に設置されているポスター掲示場所,34.690544,135.584335
稲田新町1丁目5番,東大阪稲田住宅18号棟の東側に設置されているポスター掲示場所,34.689705,135.58432
七軒家6番,菱屋東公園の東側に設置されているポスター掲示場所,34.685429,135.591751
七軒家6番,菱屋東公園の西側に設置されているポスター掲示場所,34.685429,135.591751
稲田新町3丁目11番32号,日本甘蝕株式会社大阪工場の南側に設置されているポスター掲示場所,34.689892,135.589325
七軒家6番,菱屋東公園の南側に設置されているポスター掲示場所,34.685429,135.591751
七軒家17番33号,楠根東小学校の東側に設置されているポスター掲示場所,34.686329,135.590836
七軒家19番15号,平和興産株式会社の西側に設置されているポスター掲示場所,34.685215,135.589279
森河内西2丁目1番,新喜多公園の南側に設置されているポスター掲示場所,34.684425,135.568451
森河内西2丁目11番1号,市営住宅横の公園の西側に設置されているポスター掲示場所,34.685989,135.571472
森河内西2丁目32番1号,八幡神社の南側に設置されているポスター掲示場所,34.685944,135.56749
森河内西2丁目1番,新喜多公園の北側に設置されているポスター掲示場所,34.684425,135.568451
森河内西2丁目11番,市営島町住宅の南側に設置されているポスター掲示場所,34.686226,135.571808
森河内西2丁目31番1号,フタバ学園（幼稚園）の南側に設置されているポスター掲示場所,34.685612,135.567093
森河内西2丁目32番1号,八幡神社の東側に設置されているポスター掲示場所,34.685944,135.56749
森河内東1丁目10番,布施公園 西側 杭設置場所,34.679569,135.570557
森河内東1丁目23番4号,阪口工作所(株) 南側 柵設置場所,34.681694,135.567551
森河内西1丁目7番30号,万代 森河内店 北側 杭設置場所,34.681084,135.567062
森河内東1丁目32番24号,森河内小学校 南側の東寄り 南側 網設置場所,34.683659,135.56868
森河内東1丁目32番24号,森河内小学校 西側 網設置場所,34.683659,135.56868
森河内東1丁目10番,布施公園 野球場の東側 東側 杭設置場所,34.679569,135.570557
森河内東1丁目10番,布施公園 西側の北寄り 西側 杭設置場所,34.679569,135.570557
稲田本町1丁目1番43号,楠根小学校 東側 網設置場所,34.683784,135.579483
稲田本町2丁目6番34号,楠根中学校 西側 堀設置場所,34.685699,135.580627
稲田本町2丁目6番34号,楠根中学校 東側 堀設置場所,34.685699,135.580627
稲田本町2丁目6番34号,楠根中学校 西側 網設置場所,34.685699,135.580627
楠根2丁目10番5号,稲田変電所 南側 ブロック設置場所,34.685246,135.582977
稲田本町1丁目1番43号,楠根小学校 東側 網設置場所,34.683784,135.579483
川俣1丁目12番,川俣公園 北側 杭設置場所,34.680676,135.576019
川俣3丁目4番,川俣ポンプ場 西側 柵設置場所,34.68158,135.578949
高井田中5丁目2番5号,高井田中学校 東側 網設置場所,34.677261,135.568695
高井田中5丁目2番5号,高井田中学校 西側 柵設置場所,34.677261,135.568695
高井田本通6丁目1番7号,高井田西小学校 北側 網設置場所,34.676167,135.566986
高井田本通6丁目1番7号,高井田西小学校 西側 堀設置場所,34.676167,135.566986
高井田本通6丁目1番7号,高井田西小学校 南側 網設置場所,34.676167,135.566986
高井田西3丁目4番12号,春日鋼業（株） 西側 ブロック設置場所,34.672981,135.56398
高井田西6丁目2番26号,高井田ポンプ場 北側 網設置場所,34.679153,135.564438
西堤学園町2丁目6番14号,西堤小学校（南側 網）,34.674763,135.581314
西堤西4番,長瀬川緑地公園（東側 杭）,34.677643,135.574188
西堤本通東3丁目5番22号,日本郵便(株)東大阪寮（東側 杭）,34.676979,135.57988
西堤本通西3丁目7番18号,㈱フィッシングタックルオンライン（東側 網）,34.676212,135.578796
西堤西4番,長瀬川緑地公園（東側 杭）,34.677643,135.574188
西堤学園町2丁目6番14号,西堤小学校（西側 網）,34.674763,135.581314
西堤学園町2丁目6番14号,西堤小学校（北側 網）,34.674763,135.581314
御厨2丁目1番37号,梅田真空包装株式会社 第2工場（南側 網）,34.673378,135.585388
長田3丁目2番,長田東公園（西側 杭）,36.440128,139.961975
藤戸新田1丁目3番45号,藤戸小学校（東側 堀）,34.674297,135.587509
長田東3丁目4番,長田北公園（西側 杭）,34.680775,135.594299
長田東3丁目4番,長田北公園（北側 杭）,34.680775,135.594299
長田中3丁目2番,長田中公園（西側 杭）,34.680599,135.589218
長田西2丁目3番,長田公園（南側 杭）,34.677891,135.585556
藤戸新田1丁目2番,楠根川緑地公園（東側 杭）,34.674911,135.587616
藤戸新田1丁目3番45号,藤戸小学校（南側 堀）,34.674297,135.587509
荒本北1丁目1番1号,東大阪市役所（南側 杭）,34.678951,135.601318
荒本北1丁目3番,東大阪春宮住宅 1号棟 北側（北側 杭）,34.680607,135.598495
荒本北1丁目3番,東大阪春宮住宅 3号棟 北側（北側 杭）,34.680607,135.598495
荒本北1丁目3番,東大阪春宮住宅 3号棟 西側（西側 杭）,34.680607,135.598495
荒本北1丁目2番,春宮公園（南側 杭）,34.681313,135.600708
荒本北1丁目5番50号,JAグリーン大阪 本店（南側 柵）,34.679871,135.59819
本庄中1丁目45番地,本庄南公園（南側 杭）,34.68372,135.604034
新家2丁目11番,新家中町公園にある投票場所（西側、杭）,34.672756,135.594452
新家1丁目4番,意岐部変電所にある投票場所（東側、ブロック）,34.751049,135.626511
新家2丁目11番52号,意岐部小学校にある投票場所（北側、柵）,34.672043,135.594421
新家2丁目11番52号,意岐部小学校にある投票場所（南側、柵）,34.672043,135.594421
新家2丁目11番52号,意岐部小学校にある投票場所（東側、柵）,34.672043,135.594421
御厨6丁目5－16,大阪精密機械(株)にある投票場所（北側、塀）,34.671417,135.591782
新家東町3番46号,東意岐部変電所にある投票場所（東側、ブロック）,34.674835,135.597076
荒本5駅,荒本駅タクシーロータリー 北側植えにある投票場所（西側、杭）,34.672066,135.603424
荒本1丁目8番15号,荒本住宅15棟にある投票場所（西側、柵）,34.672592,135.604294
荒本2丁目5番,荒本公園にある投票場所（南側、杭）,34.674103,135.603683
菱屋東3丁目6番23号,荒本住宅24棟にある投票場所（西側、柵）,34.674416,135.605652
荒本西2丁目2番,荒本西公園にある投票場所（西側、ブロック）,34.674362,135.598663
荒本西1丁目3番46号,意岐部東小学校にある投票場所（北側、杭）,34.673588,135.59967
荒本西1丁目3番46号,意岐部東小学校にある投票場所（西側、柵）,34.673588,135.59967
長栄寺15番26号,高井田東小学校にある投票場所（西側、網）,34.667961,135.571533
高井田中1丁目5番16号,(旧)東大阪市療育センターにある投票場所（東側、柵）,34.670464,135.570709
長栄寺12番30号,長栄中学校にある投票場所（西側、網）,34.667309,135.570267
長栄寺12番30号,長栄中学校にある投票場所（東側、網）,34.667309,135.570267
長栄寺15番26号,高井田東小学校にある投票場所（南側、網）,34.667961,135.571533
長栄寺15番26号,高井田東小学校にある投票場所（北側、網）,34.667961,135.571533
長栄寺12番30号,長栄中学校にある投票場所（南側、網）,34.667309,135.570267
高井田元町1丁目5番1号,鴫高田神社の南側,34.665401,135.57309
高井田元町1丁目5番1号,鴫高田神社の北側,34.665401,135.57309
高井田元町1丁目13番17号,関西電力 永和変電所の東側,34.6679,135.572571
高井田元町1丁目,近鉄河内永和 北側南側,34.666542,135.573364
新喜多2丁目5番32号,新喜多中学校 南寄りの東側,34.696697,135.543961
菱屋西6丁目2番23号,グラフィック・アーツ・大阪の北側,34.669167,135.57666
菱屋西6丁目8番,小阪第2公園の東側,34.667908,135.579407
新喜多2丁目5番32号,新喜多中学校 北寄りの東側,34.696697,135.543961
御厨栄町4丁目1番10号,大阪商業大学の東側,34.666237,135.583664
御厨中1丁目3番,御厨公園の北側,34.668594,135.586105
御厨1丁目4番29号,天神社の南側,34.671799,135.585114
御厨中1丁目3番,御厨公園の南側,34.668594,135.586105
御厨栄町2丁目12番2号,栄町公園の西側,34.668098,135.582397
御厨栄町4丁目1番10号,大阪商業大学の北側,34.666237,135.583664
御厨栄町4丁目1番10号,大阪商業大学の南側,34.666237,135.583664
御厨栄町4丁目1番16号,大阪府中河内府税事務所の北側,34.666767,135.583557
御厨2丁目3番4号,東大阪市文化創造館の南側,34.674435,135.584976
御厨南1丁目4番,大阪商業大学高等学校の西側,34.666813,135.587769
御厨南1丁目4番,大阪商業大学高等学校テニスコートの東側,34.666813,135.587769
御厨南1丁目4番,大阪商業大学高等学校体育館の南側,34.666813,135.587769
御厨南1丁目4番,大阪商業大学高等学校の南側,34.666813,135.587769
御厨中2丁目1番,布施運輸（株）西隣の北側,34.667843,135.589172
御厨南2丁目3番4号,東大阪市文化創造館の北側,34.665787,135.588867
足代北2丁目15番,足代北公園の北側設置場所,34.667484,135.56163
足代北2丁目15番,足代北公園の西側設置場所,34.667484,135.56163
足代北2丁目15番8号,進修幼稚園の南側設置場所,34.667328,135.561279
足代新町19番17号,関電 足代変電所の南側設置場所,34.664635,135.558456
足代新町19番17号,関電 足代変電所の東側設置場所,34.664635,135.558456
足代新町23番,足代公園の東側設置場所,34.665367,135.558212
足代新町23番,足代公園の北側設置場所,34.665367,135.558212
長堂1丁目2番,東振興業ビル東側植込の設置場所,34.664387,135.562332
長堂1丁目4番,布施駅北側駐車場出入口東側植込の設置場所,34.664612,135.562943
長堂1丁目17番8号,長堂小学校東寄の設置場所,34.667786,135.563309
長堂1丁目17番8号,長堂小学校の西側設置場所,34.667786,135.563309
長堂1丁目17番8号,長堂小学校の北側設置場所,34.667786,135.563309
長堂3丁目10番,長堂東公園の北側設置場所,34.66629,135.567673
長堂3丁目10番,長堂東公園の南側設置場所,34.66629,135.567673
足代南2丁目1番31号,広小路駐車場の西側設置場所,34.660934,135.563248
三ノ瀬1丁目6番53号,三ノ瀬公民分館の西側設置場所,34.659603,135.563248
足代2丁目1番,布施駅南自転車駐車場植込の設置場所,34.663731,135.56427
三ノ瀬1丁目7番7号,旧三ノ瀬小学校の東側設置場所,34.659592,135.565201
三ノ瀬1丁目7番7号,旧三ノ瀬小学校の南側設置場所,34.659592,135.565201
荒川2丁目32番40号,布施中学校の北側設置場所,34.657837,135.567184
荒川2丁目32番40号,布施中学校の西側設置場所,34.657837,135.567184
荒川3丁目29番,近鉄俊徳道駅 西側に位置する投票所,35.734249,139.781464
荒川3丁目23番7号,荒川小学校 南側に位置する投票所,35.733921,139.782104
荒川2丁目32番40号,布施中学校グランド 南側に位置する投票所,34.657837,135.567184
俊徳町3丁目32番,俊徳道駅前広場 東側に位置する投票所,34.655239,135.571915
荒川3丁目20番18号,都留弥神社 北側に位置する投票所,34.661827,135.570343
荒川3丁目23番7号,荒川小学校 北側に位置する投票所,35.733921,139.782104
荒川3丁目23番7号,荒川小学校 東側に位置する投票所,35.733921,139.782104
岸田堂西2丁目9番3号,岸田堂ポンプ場 北側に位置する投票所,34.654694,135.559967
岸田堂西2丁目6番,岸田堂北公園 南側に位置する投票所,34.653728,135.560944
寺前町1丁目5番,たちばなの里 南東側空地 西側に位置する投票所,34.656055,135.565506
寺前町2丁目1番6号,布施小学校 西側に位置する投票所,34.655231,135.566895
寺前町2丁目1番6号,布施小学校 北側に位置する投票所,34.655231,135.566895
寺前町2丁目1番6号,布施小学校 東側に位置する投票所,34.655231,135.566895
寿町1丁目6番,JR長瀬駅前広場 北側に位置する投票所,42.346619,141.031174
長瀬町3丁目1番54号,長瀬青少年運動広場 北側に位置する投票所,34.652645,135.572052
俊徳町5丁目3番4号,松井金属 南側に位置する投票所,34.652893,135.574753
俊徳町5丁目11番,イースタンビラ 東側に位置する投票所,34.652996,135.569214
俊徳町5丁目11番,俊徳公園 南側に位置する投票所,34.652996,135.569214
太平寺2丁目1番39号,布施中学校夜間学級 南側に位置する投票所,34.655811,135.569168
太平寺2丁目1番39号,布施中学校夜間学級 東側に位置する投票所,34.655811,135.569168
太平寺2丁目1番39号,布施中学校夜間学級 北側に位置する投票所,34.655811,135.569168
寿町3丁目17番16号,トライ寿町店、南側、堺所在の設置場所,42.346615,141.034683
渋川町2丁目2番31号,個人宅、西側、ブロック所在の設置場所,34.647675,135.563217
柏田西3丁目7番44号,柏田小学校、北側、網所在の設置場所,34.645702,135.567413
柏田西3丁目7番44号,柏田小学校、南側、網所在の設置場所,34.645702,135.567413
柏田西3丁目9番2号,柏田公民分館分室、東側、網所在の設置場所,34.645061,135.567078
柏田西3丁目11番28号,柏田中学校、北側、柵所在の設置場所,34.644089,135.565521
柏田西3丁目11番28号,柏田中学校、南側、網所在の設置場所,34.644089,135.565521
柏田本町12番,柏田公園、南側、網所在の設置場所,34.646217,135.57077
衣摺2丁目4番,衣摺公園、東側、杭所在の設置場所,34.643654,135.57399
衣摺5丁目8番51号,長瀬西小学校、北側、網所在の設置場所,34.641628,135.570465
衣摺5丁目18番25号,玄甫興業、北側、網所在の設置場所,34.639496,135.568863
衣摺4丁目17番14号,個人宅、東側、ブロック所在の設置場所,34.639107,135.574005
衣摺5丁目8番51号,長瀬西小学校、東側、網所在の設置場所,34.641628,135.570465
衣摺3丁目7番6号,（有）古谷商店、東側、網所在の設置場所,34.641445,135.576874
衣摺5丁目8番51号,長瀬西小学校（南寄り）、西側、網所在の設置場所,34.641628,135.570465
長瀬町2丁目6番3号,長瀬斎場、南側、杭所在の設置場所,34.648941,135.574554
長瀬町3丁目7番40号,長瀬青少年センター、東側、柵所在の設置場所,34.649868,135.572083
長瀬町3丁目4番3号,長瀬人権文化センター、東側、柵所在の設置場所,34.650948,135.572784
長瀬町3丁目8番,市営住宅23棟、西側、杭所在の設置場所,34.64949,135.570312
菱屋西1丁目24番,近鉄長瀬駅南西側フェンス、南側、網所在の設置場所,34.649445,135.577789
吉松2丁目13番15号,長瀬北小学校、北側、堺所在の設置場所,34.646774,135.575989
吉松2丁目13番15号,長瀬北小学校、東側、網所在の設置場所,34.646774,135.575989
源氏ケ丘1番,近鉄大阪線 線路敷(長瀬駅寄) 西側 堀,34.647545,135.578781
源氏ケ丘5番,源氏ケ丘広場 北側 網,34.645947,135.577988
源氏ケ丘5番,源氏ケ丘広場 南側 網,34.645947,135.577988
金岡1丁目2番,金岡公園 東側南寄(源氏ケ丘自治会 東側 杭,34.643799,135.578751
源氏ケ丘21番,近鉄大阪線 線路敷(弥刀駅寄) 西側 堀,34.643211,135.581421
源氏ケ丘14番,近鉄大阪線 線路敷 西側 堀,34.644909,135.580109
金岡1丁目2番,金岡公園(テニスコート) 北側 杭,34.643799,135.578751
金岡1丁目17番,弥刀駅西第1自転車駐車場(南) 東側 堀,34.640396,135.583328
金岡1丁目23番9号,金岡中学校 東寄 南側 堀,34.642082,135.580826
金岡1丁目23番9号,金岡中学校 西寄 南側 堀,34.642082,135.580826
金岡1丁目23番9号,金岡中学校 北側 堀,34.642082,135.580826
大蓮東1丁目2番,金岡公園(野球場) 西側 網,34.642567,135.578293
金岡1丁目21番4号,長瀬川 川沿い 西側 柵,34.64101,135.582138
金岡1丁目23番9号,金岡中学校体育館 北側 堀,34.642082,135.580826
大蓮南5丁目8番9号,大蓮公民分館跡地 東側 網,34.635189,135.571472
大蓮北4丁目3番51号,長瀬南小学校 東側 網,34.637024,135.572723
大蓮北4丁目3番51号,長瀬南小学校 北側 網,34.637024,135.572723
大蓮北4丁目7番43号,長瀬中学校 東側 網,34.638302,135.570541
大蓮北4丁目7番43号,長瀬中学校 北側 網,34.638302,135.570541
大蓮北4丁目3番51号,長瀬南小学校 北側 網,34.637024,135.572723
大蓮南5丁目8番50号,大蓮小学校 北側 網,34.635933,135.570953
大連東3丁目6番,大連東公園の北側に設置された投票所,38.512997,140.868118
大連南2丁目8番32号,大連こども園の北側に設置された投票所,38.512997,140.868118
大連南2丁目8番32号,大連こども園の西側に設置された投票所,38.512997,140.868118
西久宝寺751-1,ずんどう屋八尾西久宝寺店の北側に設置された投票所,34.62933,135.580185
大連北1丁目1番11号,万代 大連北店の北側に設置された投票所,38.512997,140.868118
大連北2丁目17番11号,個人宅の西側に設置された投票所,38.512997,140.868118
大連東4丁目6-7,コノミヤ大連東店の南側に設置された投票所,38.512997,140.868118
大連北3丁目1番28号,(株)竹中庭園緑化の東側に設置された投票所,38.512997,140.868118
金岡2丁目3番,弥刀駅西第1自転車駐車場（北）の東側に設置された投票所,34.639412,135.584198
金岡3丁目19番,金岡南公園の南側に設置された投票所,34.636078,135.586136
金岡3丁目22番,金岡交通安全ミニ広場の南側に設置された投票所,34.637314,135.584824
大連東2丁目11番,大連公園（東側）の西側に設置された投票所,38.512997,140.868118
大連東2丁目12番8号,長瀬東小学校の北側に設置された投票所,38.512997,140.868118
大連東2丁目12番8号,長瀬東小学校の南側に設置された投票所,38.512997,140.868118
大連東2丁目12番8号,長瀬東小学校の西側に設置された投票所,38.512997,140.868118
西岩田3丁目4番5号,市立東大阪医療センターの西側に設置された投票所,34.666241,135.597641
御厨東2丁目9番45号,意岐部中学校の北側に設置された投票所,34.668194,135.596024
御厨東2丁目9番45号,意岐部中学校の東側に設置された投票所,34.668194,135.596024
御厨東2丁目9番45号,意岐部中学校の北側に設置された投票所,34.668194,135.596024
御厨東2丁目1番,五百石公園の北側に設置された投票所,34.665459,135.595245
西岩田3丁目3番2号,市立環境衛生検査センターの北側に設置された投票所,34.667984,135.59758
西岩田3丁目4番5号,市立東大阪医療センターの南側に設置された投票所,34.666241,135.597641
西岩田3丁目5番24号,第三ガーデンハイツの南側に設置された投票所,34.663593,135.597168
永和2丁目13番,永和公園北側の投票所,34.660381,135.574341
永和2丁目15番25号,旧永和小学校西側の投票所,34.65971,135.574799
永和2丁目13番,永和公園西側の投票所,34.660381,135.574341
永和2丁目15番25号,旧永和小学校北側の投票所,34.65971,135.574799
永和2丁目15番25号,旧永和小学校南側の投票所,34.65971,135.574799
菱屋西4丁目2番,樟蔭学園北側の投票所,34.663246,135.577408
菱屋西4丁目4番,長瀬川川沿い西側の投票所,34.662018,135.578003
小阪本町1丁目4番,小阪駅南側東端歩道柵の投票所,35.088001,137.151382
下小阪1丁目18番,下小阪第2児童遊園北側の投票所,34.660847,135.583618
下小阪1丁目10番7号,梅村硝子店北側の投票所,34.661987,135.583939
下小阪1丁目16番,中小阪公園東側の投票所,34.661083,135.582443
下小阪1丁目16番,中小阪公園西側の投票所,34.661083,135.582443
下小阪1丁目17番,中小阪児童遊園東側の投票所,34.661198,135.583389
下小阪3丁目5番,小坂神社西側の投票所,34.660686,135.585083
小阪2丁目1番,小阪児童遊園北側の投票所,34.928387,138.357742
小阪3丁目4番,近鉄グランドマンション南側の投票所,34.664227,135.591949
下小阪2丁目15番,布施工校北グランド東側の投票所,34.662678,135.58783
下小阪3丁目15番,布施工校南グランド西側の投票所,34.660755,135.58725
下小阪4丁目1番,八戸ノ里南第2自転車駐車場西側の投票所,34.661552,135.589508
下小阪5丁目3番5号,八戸の里小学校北側の投票所,34.663082,135.590363
下小阪5丁目3番5号,八戸の里小学校南側の投票所,34.663082,135.590363
葵屋西3丁目3番7号,樟蔭学園東運動場（第334投票区）,34.975185,138.383286
葵屋西4丁目6番,長瀬川 川沿い（第334投票区）,34.975185,138.383286
葵屋西4丁目10番7号,桜橋小学校（北側、第334投票区）,34.975185,138.383286
葵屋西4丁目10番7号,桜橋小学校（西側、第334投票区）,34.975185,138.383286
葵屋西4丁目10番7号,桜橋小学校（東側、第334投票区）,34.975185,138.383286
葵屋西4丁目11番31号,葵屋西浄水場（東側、第334投票区）,34.975185,138.383286
葵屋西4丁目11番31号,葵屋西浄水場（南側、第334投票区）,34.975185,138.383286
中小阪1丁目11番,大和公園（西側、第335投票区）,34.657726,135.583725
中小阪1丁目21番15号,小阪小学校（北側、第335投票区）,34.657616,135.585495
中小阪1丁目21番15号,小阪小学校（南側、第335投票区）,34.657616,135.585495
中小阪2丁目3番22号,弥栄神社（西側、第335投票区）,34.658619,135.586151
中小阪1丁目11番,大和公園（北側、第335投票区）,34.657726,135.583725
宝持1丁目7番5号,小阪中学校（北側、第335投票区）,34.656693,135.587372
宝持1丁目7番5号,小阪中学校（南側、第335投票区）,34.656693,135.587372
中小阪4－7－60,東大阪市立総合体育館（東大阪アリーナ）（東側、第336投票区）,34.656837,135.593674
中小阪4丁目7番,八戸の里公園（西側、第336投票区）,34.657562,135.591156
中小阪4丁目7番,八戸の里公園（南側、第336投票区）,34.657562,135.591156
中小阪5丁目17番8号,八戸の里東小学校（北側、第336投票区）,34.660328,135.593567
中小阪5丁目17番8号,八戸の里東小学校（南側、第336投票区）,34.660328,135.593567
中小阪5丁目17番8号,八戸の里東小学校（東側、第336投票区）,34.660328,135.593567
若江西新町1丁目6番6号,上下水道局（水道庁舎）（東側、第336投票区）,34.660568,135.594971
若江西新町3丁目1番8号,アナン学園（東側、第336投票区）,34.655186,135.597107
横沼町1丁目7番,近鉄大阪線 線路敷 東側 網,34.653473,135.575668
菱屋西2丁目8番,近鉄大阪線 線路敷 東側 ブロック,34.651245,135.577438
菱屋西2丁目3番,長瀬川 川沿い 西側 柵,34.654663,135.578186
横沼町1丁目11番,近鉄大阪線 線路敷 東側 ブロック,34.652607,135.57608
菱屋西2丁目4番12号,樟蔭寮 東側 網,34.653942,135.578598
菱屋西2丁目7番,長瀬川 川沿い 西側 柵,34.652317,135.577438
菱屋西2丁目8番,長瀬公園 東側 杭,34.651245,135.577438
上小阪2丁目6番5号,上小阪中学校 東側 柵,34.654877,135.582306
西上小阪7番17号,阪本病院 東側 塀,34.652374,135.58226
上小阪2丁目6番5号,上小阪中学校 北側 柵,34.654877,135.582306
上小阪2丁目6番5号,上小阪中学校 西側 柵,34.654877,135.582306
上小阪2丁目6番5号,上小阪中学校 南側 柵,34.654877,135.582306
小若江4丁目9番9号,個人宅 西側 塀,34.652035,135.58194
西上小阪7番17号,阪本病院 西側 ブロック,34.652374,135.58226
上小阪3丁目15番,上小阪小学校 北側 柵,34.65337,135.584793
上小阪3丁目15番,上小阪小学校 南側 柵,34.65337,135.584793
上小阪3丁目15番,上小阪小学校 東側 柵,34.65337,135.584793
上小阪4丁目7番22号,常照寺 西側 ブロック,34.653625,135.587555
上小阪4丁目11番,八幡神社 南側 玉垣,34.6534,135.586853
小若江3丁目4番1号,近畿大学 西側 柵,34.65155,135.587158
小若江4丁目2番,上小阪公園 南側 杭,34.65279,135.584488
新上小阪20－23,市営上小阪東住宅の西側に設置された投票所,34.64867,135.592255
近江堂3丁目12－10,文化財課近江堂文化財収蔵庫の東側に設置された投票所,34.647541,135.589676
新上小阪2番14号,上小阪配水場の北側に設置された投票所,34.652569,135.593063
新上小阪5番86号,近畿大学Eキャンパスの東側に設置された投票所,34.651142,135.589508
新上小阪5番86号,近畿大学Eキャンパスの南側に設置された投票所,34.651142,135.589508
新上小阪7番,東大阪新上小阪住宅集会所の南側に設置された投票所,34.649933,135.590179
新上小阪2番14号,上小阪配水場の東側に設置された投票所,34.652569,135.593063
小若江1丁目10番,神剣神社の東側に設置された投票所,34.649857,135.581772
小若江1丁目19番20号,個人宅の南側に設置された投票所,34.648678,135.579941
小若江1丁目25番10号,個人宅の南側に設置された投票所,34.648811,135.582855
小若江1－1,小若江墓地の北側に設置された投票所,34.650288,135.57933
小若江2－9－28,ニッサク株式会社の東側に設置された投票所,34.648705,135.584198
小若江2丁目9番50号,個人宅の西側に設置された投票所,34.649857,135.583481
小若江3丁目11番48号,近畿大学附属幼稚園跡地の西側に設置された投票所,34.648907,135.585678
近江堂1丁目4番,弥生公園の南側に設置された投票所,34.648308,135.582321
友井1丁目1番37号,弥刀小学校東寄りに設置された投票所,34.645218,135.581772
近江堂2丁目8番19号,吉田金網の南側に設置された投票所,34.645679,135.583862
近江堂3丁目4番27号,弥刀中学校の西側に設置された投票所,34.645687,135.587036
友井1丁目1番37号,弥刀小学校西寄りに設置された投票所,34.645218,135.581772
友井1丁目1番37号,弥刀小学校に設置された投票所,34.645218,135.581772
友井1丁目1番37号,弥刀小学校東寄りに設置された投票所,34.645218,135.581772
近江堂3丁目2番付近,近江堂第1公園にある投票所。場所は公園の東側で、柵が設置されています。,34.647022,135.586578
友井2丁目28番12号,弥刀東小学校にある投票所。東側には柵、西側には網が設置されています。重複しています。,34.645149,135.588303
近江堂3丁目4番27号,弥刀中学校にある投票所。東側と南側の両方に網が設置されています。住所が重複しています。,34.645687,135.587036
近江堂3丁目12番19号,西新運輸(株)にある投票所。場所は東側で柵が設置されています。,34.646736,135.589767
友井3丁目5番32号,個人宅にある投票所。南側にブロックが設置されています。,34.640629,135.586365
金物町3番,金物町公園にある投票所。場所は公園の西側で杭が設置されています。,34.643829,135.592941
